{
  "1": {
    "name": "ADA",
    "amount": 56.274629,
    "value": 72.53
  },
  "2": {
    "name": "BTC",
    "amount": 0.00024151,
    "value": 13.82
  },  
  "3": {
    "name": "ETH",
    "amount": 0.0256304,
    "value": 53.51
  }
}